Date,DailyUsers
2023-01-01,1167
2023-01-02,1201
2023-01-03,1348
2023-01-04,1444
2023-01-05,1256
2023-01-06,1176
2023-01-07,1273
2023-01-08,1234
2023-01-09,1220
2023-01-10,1385
2023-01-11,1331
2023-01-12,1283
2023-01-13,1259
2023-01-14,1039
2023-01-15,1080
2023-01-16,1257
2023-01-17,1306
2023-01-18,1437
2023-01-19,1292
2023-01-20,1171
2023-01-21,1353
2023-01-22,1244
2023-01-23,1351
2023-01-24,1316
2023-01-25,1412
2023-01-26,1416
2023-01-27,1235
2023-01-28,1309
2023-01-29,1256
2023-01-30,1365
2023-01-31,1424
2023-02-01,1645
2023-02-02,1448
2023-02-03,1283
2023-02-04,1385
2023-02-05,1246
2023-02-06,1445
2023-02-07,1355
2023-02-08,1430
2023-02-09,1503
2023-02-10,1465
2023-02-11,1371
2023-02-12,1373
2023-02-13,1441
2023-02-14,1430
2023-02-15,1515
2023-02-16,1487
2023-02-17,1526
2023-02-18,1420
2023-02-19,1276
2023-02-20,1525
2023-02-21,1552
2023-02-22,1552
2023-02-23,1606
2023-02-24,1557
2023-02-25,1499
2023-02-26,1381
2023-02-27,1506
2023-02-28,1639
2023-03-01,1714
2023-03-02,1548
2023-03-03,1488
2023-03-04,1364
2023-03-05,1380
2023-03-06,1623
2023-03-07,1748
2023-03-08,1657
2023-03-09,1692
2023-03-10,1557
2023-03-11,1426
2023-03-12,1529
2023-03-13,1704
2023-03-14,1660
2023-03-15,1810
2023-03-16,1424
2023-03-17,1615
2023-03-18,1505
2023-03-19,1496
2023-03-20,1608
2023-03-21,1522
2023-03-22,1685
2023-03-23,1679
2023-03-24,1684
2023-03-25,1473
2023-03-26,1471
2023-03-27,1575
2023-03-28,1769
2023-03-29,1743
2023-03-30,1622
2023-03-31,1620
2023-04-01,1534
2023-04-02,1624
2023-04-03,1570
2023-04-04,1679
2023-04-05,1695
2023-04-06,1556
2023-04-07,1611
2023-04-08,1555
2023-04-09,1554
2023-04-10,1614
2023-04-11,1598
2023-04-12,1697
2023-04-13,1650
2023-04-14,1527
2023-04-15,1524
2023-04-16,1589
2023-04-17,1786
2023-04-18,1727
2023-04-19,1753
2023-04-20,1672
2023-04-21,1437
2023-04-22,1534
2023-04-23,1560
2023-04-24,1830
2023-04-25,1695
2023-04-26,1753
2023-04-27,1671
2023-04-28,1493
2023-04-29,1622
2023-04-30,1609
2023-05-01,1690
2023-05-02,1631
2023-05-03,1834
2023-05-04,1554
2023-05-05,1625
2023-05-06,1697
2023-05-07,1461
2023-05-08,1571
2023-05-09,1701
2023-05-10,1670
2023-05-11,1530
2023-05-12,1571
2023-05-13,1425
2023-05-14,1565
2023-05-15,1529
2023-05-16,1803
2023-05-17,1633
2023-05-18,1614
2023-05-19,1615
2023-05-20,1395
2023-05-21,1529
2023-05-22,1691
2023-05-23,1533
2023-05-24,1693
2023-05-25,1642
2023-05-26,1595
2023-05-27,1376
2023-05-28,1386
2023-05-29,1609
2023-05-30,1666
2023-05-31,1678
2023-06-01,1629
2023-06-02,1457
2023-06-03,1473
2023-06-04,1494
2023-06-05,1488
2023-06-06,1769
2023-06-07,1674
2023-06-08,1483
2023-06-09,1541
2023-06-10,1353
2023-06-11,1510
2023-06-12,1614
2023-06-13,1530
2023-06-14,1689
2023-06-15,1587
2023-06-16,1529
2023-06-17,1558
2023-06-18,1402
2023-06-19,1436
2023-06-20,1500
2023-06-21,1521
2023-06-22,1522
2023-06-23,1465
2023-06-24,1402
2023-06-25,1462
2023-06-26,1471
2023-06-27,1661
2023-06-28,1539
2023-06-29,1720
2023-06-30,1462
2023-07-01,1285
2023-07-02,1284
2023-07-03,1482
2023-07-04,1500
2023-07-05,1591
2023-07-06,1514
2023-07-07,1379
2023-07-08,1260
2023-07-09,1222
2023-07-10,1382
2023-07-11,1560
2023-07-12,1524
2023-07-13,1350
2023-07-14,1373
2023-07-15,1332
2023-07-16,1246
2023-07-17,1404
2023-07-18,1471
2023-07-19,1390
2023-07-20,1453
2023-07-21,1379
2023-07-22,1363
2023-07-23,1376
2023-07-24,1257
2023-07-25,1367
2023-07-26,1499
2023-07-27,1441
2023-07-28,1351
2023-07-29,1561
2023-07-30,1315
2023-07-31,1435
2023-08-01,1495
2023-08-02,1487
2023-08-03,1353
2023-08-04,1349
2023-08-05,1170
2023-08-06,1229
2023-08-07,1284
2023-08-08,1405
2023-08-09,1600
2023-08-10,1209
2023-08-11,1324
2023-08-12,1083
2023-08-13,1191
2023-08-14,1392
2023-08-15,1386
2023-08-16,1311
2023-08-17,1284
2023-08-18,1307
2023-08-19,1138
2023-08-20,1231
2023-08-21,1293
2023-08-22,1314
2023-08-23,1555
2023-08-24,1378
2023-08-25,1077
2023-08-26,1198
2023-08-27,1148
2023-08-28,1346
2023-08-29,1291
2023-08-30,1363
2023-08-31,1357
2023-09-01,1298
2023-09-02,1078
2023-09-03,1165
2023-09-04,1231
2023-09-05,1294
2023-09-06,1506
2023-09-07,1343
2023-09-08,1122
2023-09-09,1241
2023-09-10,1357
2023-09-11,1347
2023-09-12,1221
2023-09-13,1323
2023-09-14,1409
2023-09-15,1164
2023-09-16,1202
2023-09-17,1248
2023-09-18,1190
2023-09-19,1338
2023-09-20,1103
2023-09-21,1227
2023-09-22,1202
2023-09-23,1069
2023-09-24,1320
2023-09-25,1154
2023-09-26,1312
2023-09-27,1378
2023-09-28,1430
2023-09-29,1114
2023-09-30,1269
2023-10-01,1198
2023-10-02,1198
2023-10-03,1393
2023-10-04,1393
2023-10-05,1277
2023-10-06,1245
2023-10-07,1157
2023-10-08,1218
2023-10-09,1342
2023-10-10,1496
2023-10-11,1292
2023-10-12,1510
2023-10-13,1099
2023-10-14,1191
2023-10-15,1272
2023-10-16,1328
2023-10-17,1337
2023-10-18,1392
2023-10-19,1318
2023-10-20,1227
2023-10-21,1291
2023-10-22,1274
2023-10-23,1272
2023-10-24,1480
2023-10-25,1456
2023-10-26,1446
2023-10-27,1348
2023-10-28,1181
2023-10-29,1225
2023-10-30,1412
2023-10-31,1483
2023-11-01,1456
2023-11-02,1417
2023-11-03,1427
2023-11-04,1228
2023-11-05,1342
2023-11-06,1365
2023-11-07,1446
2023-11-08,1575
2023-11-09,1504
2023-11-10,1421
2023-11-11,1411
2023-11-12,1332
2023-11-13,1468
2023-11-14,1472
2023-11-15,1547
2023-11-16,1461
2023-11-17,1398
2023-11-18,1389
2023-11-19,1300
2023-11-20,1616
2023-11-21,1452
2023-11-22,1460
2023-11-23,1601
2023-11-24,1491
2023-11-25,1429
2023-11-26,1454
2023-11-27,1487
2023-11-28,1500
2023-11-29,1603
2023-11-30,1494
2023-12-01,1545
2023-12-02,1407
2023-12-03,1378
2023-12-04,1503
2023-12-05,1646
2023-12-06,1593
2023-12-07,1524
2023-12-08,1529
2023-12-09,1481
2023-12-10,1446
2023-12-11,1534
2023-12-12,1674
2023-12-13,1565
2023-12-14,1521
2023-12-15,1496
2023-12-16,1488
2023-12-17,1556
2023-12-18,1734
2023-12-19,1769
2023-12-20,1713
2023-12-21,1677
2023-12-22,1518
2023-12-23,1549
2023-12-24,1553
2023-12-25,1687
2023-12-26,1679
2023-12-27,1813
2023-12-28,1846
2023-12-29,1635
2023-12-30,1628
2023-12-31,1677
